{
    "sd": "Statement-non-opinion",
    "b": "Acknowledge-backchannel",
    "sv": "Statement-opinion",
    "fx": "Statement-opinion",
    "aa": "Agree-accept",
    "%-": "Abandoned",
    "ba": "Appreciation",
    "fe": "Appreciation",
    "qy": "Yes-no-question",
    "qr": "Yes-no-question",
    "x": "Non-verbal",
    "ny": "Yes-answer",
    "fc": "Conventional-closing",
    "%": "Uninterpretable",
    "qw": "Wh-question",
    "nn": "No-answer",
    "bk": "Response-Acknowledgement",
    "h": "Hedge",
    "qy^d": "Declarative-yes-no-question",
    "^d": "Declarative-yes-no-question",
    "o": "Other",
    "fo": "Other",
    "bc": "Other",
    "by": "Other",
    "fw": "Other",
    "\"": "Other",
    "bh": "Backchannel-in-question-form",
    "^q": "Quotation",
    "bf": "Summarize-reformulate",
    "na": "Affirmative-non-yes-answers",
    "ny^e": "Affirmative-non-yes-answers",
    "ad": "Action-directive",
    "^2": "Collaborative-completion",
    "b^m": "Repeat-phrase",
    "^m": "Repeat-phrase",
    "^r": "Repeat-phrase",
    "qo": "Open-question",
    "qh": "Rhetorical-question",
    "^h": "Hold-before-answer-agreement",
    "ar": "Reject",
    "ng": "Negative-non-no-answer",
    "nn^e": "Negative-non-no-answer",
    "br": "Signal-non-understanding",
    "^c": "Signal-non-understanding",
    "no": "Other answer",
    "fp": "Conversational-opening",
    "qrr": "Or-clause",
    "arp": "Dispreferred-answers",
    "nd": "Dispreferred-answers",
    "t3": "Third-party-talk",
    "oo": "Offer-option-or-commit",
    "cc": "Offer-option-or-commit",
    "co": "Offer-option-or-commit",
    "t1": "Self-talk",
    "bd": "Downplayer",
    "aap": "Maybe-accept-part",
    "am": "Maybe-accept-part",
    "^g": "Tag-question",
    "qw^d": "Declarative-wh-question",
    "fa": "Apology",
    "ft": "Thanking"
}
